Age,Gender,Parental_Education,Attendance,GPA,Extracurricular_Activities,Disciplinary_Actions,Socioeconomic_Status,Dropped_Out
21,1,1,93.13985387716143,2.6910924658594793,1,0,1,0
18,0,1,60.836990004538784,2.0650724945399994,0,1,0,0
19,1,0,54.78572777600809,3.10119010543961,1,0,2,1
21,1,2,51.18192930231682,3.9474527879370225,0,0,2,0
17,1,1,82.0985750221633,3.0087327401084467,0,0,0,0
19,1,2,80.35470180443903,2.3945352102838724,0,0,0,0
19,0,1,77.33487063570351,3.1195436149763207,1,0,0,0
21,0,1,61.59735480579877,1.807301696163469,1,0,1,0
16,0,3,69.54529979527574,3.7216477006634965,0,0,0,0
17,1,3,79.72381675930865,2.757709876949591,1,0,1,1
21,0,3,74.83834294295846,2.623374355099105,0,1,2,0
17,1,2,99.38927601074437,2.964661971133798,1,0,2,0
17,0,0,56.821987627836656,3.061959656973506,1,1,0,0
19,0,1,84.75722770237968,1.6794395155662825,0,0,1,0
18,0,1,70.21593840521462,3.206543053058506,0,0,0,0
17,1,1,71.40998074628074,2.104829200788824,0,0,0,1
20,0,2,85.87988828290881,3.2848815812664744,1,0,1,0
19,0,3,84.62180756621848,3.556336985960492,0,1,0,0
16,1,0,99.56279968510941,3.5098962688813007,1,1,2,0
18,0,2,56.41971447270626,2.881252418519723,1,0,0,0
20,1,3,55.20548246920832,2.8004247307768777,1,1,1,1
20,0,2,86.21694085643705,1.8571899033485293,0,0,1,1
16,1,0,78.91934585032045,3.438365376007839,0,0,2,0
18,1,3,63.70803332799029,2.178523451116786,0,1,1,0
19,0,2,53.97096844944933,2.7417385570448665,1,1,1,0
15,1,0,54.282912479821526,2.2106852323187915,1,0,2,0
18,1,1,94.70954373320592,1.834570907499233,0,0,0,1
16,1,0,59.59336623593715,3.0738942422293416,1,1,2,0
20,1,1,66.16857810577604,1.6358300870572595,1,0,0,0
19,1,2,61.3328201113494,3.3716130853155,0,1,2,0
18,1,3,67.74981529159686,2.2939669881527918,0,0,0,1
15,0,3,53.47119213730467,1.5003367325112134,0,0,2,0
15,1,2,75.95298954541352,2.7778228480930744,1,1,0,0
17,1,3,53.380628179610746,1.6171297713190078,1,1,2,0
17,0,3,90.01782539111808,2.1904238945522487,1,1,0,1
21,0,1,61.685604095521654,3.2674412186392905,1,0,2,0
16,0,2,77.00059573022553,1.6567240540546646,1,0,1,0
18,0,0,94.0039543780729,3.598346230890006,0,0,0,0
18,0,1,82.5438684523597,1.5095498066464579,1,0,2,0
21,0,2,76.64788932756676,2.1170596730047557,1,1,0,0
20,0,1,66.21668765576878,3.352260140380179,1,0,0,1
20,1,0,66.6500956529099,2.290675374323267,0,0,2,0
21,1,0,83.4743477599095,1.7547309701650338,0,0,0,0
20,0,2,99.70696806105838,2.40058479700107,0,1,2,0
17,1,0,83.09195949246893,2.1759832159613137,1,0,1,0
18,1,1,77.88917086850125,3.606779755401387,0,0,0,1
21,1,0,86.5325255119623,2.2833697939628577,0,1,1,0
18,0,1,73.26028061418592,3.472331179440018,0,0,0,0
15,0,1,53.00711713003926,3.729680362026837,1,0,0,0
17,1,0,78.1148407938955,2.5845435489413235,0,1,0,0
19,0,2,97.881264225269,3.77485785963598,1,0,2,0
17,1,3,58.76514711788298,2.443295134907982,1,0,1,0
21,1,0,84.50024454103328,3.9101960412252703,0,0,0,0
19,1,1,60.04668443295282,1.7232238113139324,1,1,2,0
15,1,1,76.79138422365406,3.2175481662581067,0,0,0,0
21,0,0,54.83382248233598,2.734535101142322,1,0,2,0
16,0,2,72.51854681290925,2.469122013639118,0,1,0,1
18,0,2,87.8081664447623,3.0817796968715023,0,1,1,0
15,1,1,67.37857621194911,3.259642729085828,0,0,1,0
18,0,1,83.24558622436089,1.5109081741257726,1,0,0,0
20,1,2,89.77249803948646,1.9173827218679969,0,0,2,0
16,0,3,96.35889097397263,3.282615126585797,1,0,0,0
16,1,0,61.73210409277267,3.165963533945516,0,1,2,0
15,1,1,69.9657957904654,3.915118762821693,1,0,0,0
16,1,1,57.62080066652087,3.4025944756269575,1,1,2,1
19,0,2,99.62417510791876,3.876931769328345,0,1,1,0
16,0,0,96.35004839621476,3.2563512538370176,0,0,0,0
18,0,2,76.99785651402797,2.245130521598608,0,0,1,0
18,0,0,92.10166471882107,1.7634123056271411,0,1,1,0
21,1,0,76.04789886360211,3.454559658362339,0,1,0,0
18,0,0,81.17928440013799,3.1103730536897896,1,0,0,0
21,0,1,54.456221605800835,1.6204650309832407,0,1,2,0
18,1,3,87.7635210248404,2.4001261647524457,0,0,2,1
19,1,2,56.38567418176174,3.8919995387107154,1,0,1,0
21,1,3,91.30338151262642,2.7510028642755033,0,1,2,0
17,0,2,89.1014043835193,2.5818228400492615,0,1,2,1
20,1,0,85.43723488714882,2.6442490128982348,1,0,0,0
15,1,1,51.80801902623811,2.0222068100129094,0,1,2,0
18,1,3,65.15641779726643,2.421767927161988,0,0,1,1
16,0,1,63.155628495542146,2.4245331399679415,0,0,2,0
18,1,2,68.00682037357595,1.630887550468681,1,0,1,1
16,0,1,54.382137338191924,3.4189190712947957,0,1,0,0
20,0,1,96.84789115155314,2.5412610797596975,1,0,1,0
20,1,3,77.69011203561881,3.5554497170410584,0,0,2,1
20,1,0,65.27621553290118,3.6258700027997386,1,0,0,0
16,0,1,69.84907585371417,2.029985136746645,0,0,2,0
18,1,0,72.36012702524178,3.1433837054253213,1,0,0,0
20,1,2,80.02971666803086,2.6807045104074545,1,0,0,1
19,0,1,75.7839713848249,3.7003918448037125,1,0,2,1
21,0,3,95.96959866072086,2.039351697941135,1,0,2,0
16,1,2,74.84817414529151,3.1945330007751105,1,0,0,0
16,0,2,99.60790074116564,3.0193803056318065,1,0,0,1
18,1,3,92.57124788725478,2.238253693929582,0,0,2,0
16,1,1,60.42552571786679,1.8415022591279315,0,1,1,0
16,1,1,96.52976073219581,3.1290994011931916,1,0,2,0
20,0,2,55.818319894273806,3.3464936453308267,1,0,0,0
18,1,1,90.87248542455958,2.289068359408375,1,0,2,0
20,1,0,69.03116467382901,3.1120815100557846,1,1,1,0
21,1,3,93.89871602225347,2.487827269028758,0,0,2,0
21,0,0,93.40283450537251,3.2830172082065445,1,1,0,1
20,0,1,90.29627000588106,1.9980381872351327,0,0,2,0
21,0,2,89.50152181535307,3.725537506590436,0,0,0,0
18,0,3,65.23395695490204,2.2185239911639494,1,1,0,0
15,0,1,54.04596415256261,2.4194649693903822,1,0,2,0
20,1,1,70.14900893825808,1.6452298802008745,0,1,0,0
19,0,2,58.67622574932543,1.778780530803191,0,1,0,0
19,0,2,84.74755444512309,2.7896547567808203,1,0,1,0
16,0,0,67.30498632688928,2.168981691819929,1,0,1,1
21,1,3,98.78051004299574,3.588700564355486,1,0,1,0
19,0,3,82.04860386726659,1.5367334716373846,0,0,1,0
16,0,2,91.12402818171805,2.44773512167984,0,1,0,0
15,1,0,56.62623363709242,2.343363866922732,1,1,2,1
18,0,3,93.10072411363113,1.5483190772940025,0,0,0,0
18,1,2,96.13785952566971,1.8109209975012757,0,1,0,0
18,1,1,74.35309594094679,2.534106687296588,1,1,0,0
19,1,3,80.31264688754888,2.7321614611186167,1,0,2,0
15,1,0,88.24049004514977,2.510724368137173,0,1,1,0
19,1,0,58.741931363020626,2.827344196030235,0,1,0,0
21,0,0,75.12830382317212,2.9878291872642038,1,0,0,1
19,1,1,69.93315138861566,1.524809552819589,1,1,1,1
15,1,3,57.31869960811245,2.66023789863376,1,0,0,0
15,0,3,68.37672111457657,3.9087481022189707,1,1,2,1
21,1,1,53.40861546927468,2.7975807003238717,1,0,0,0
15,0,3,51.29059534747435,3.193855668647383,0,1,0,0
15,0,1,56.758314457741136,2.2796596447922077,0,1,1,0
18,0,1,98.15575557945868,3.4349784453819066,0,0,0,0
21,1,1,77.47647679475085,3.4323037046902876,0,0,0,1
17,1,0,98.291108057661,2.8032401191353475,1,0,2,0
17,1,3,71.62489391650661,3.940034558198034,1,0,1,0
15,0,1,65.59080665426298,1.8138755369066335,1,1,1,0
17,1,3,75.3070931420122,1.5423691622239524,0,1,2,0
17,1,0,71.9755844316455,3.42539552939274,0,1,0,0
15,1,1,55.2832342130872,3.5178888434122064,0,0,1,0
17,0,2,82.0413157345103,1.8005180728014407,1,1,1,0
19,0,0,60.80190912547998,2.1639570823965153,0,1,0,1
16,1,2,80.97939774489149,1.5438809084165723,1,0,0,1
21,1,3,82.51005461990766,2.2332715269514116,1,0,1,0
16,1,3,57.601242656432404,3.4328546847966788,1,1,0,1
15,1,0,53.06748135553341,2.7949013192814474,1,0,1,0
18,0,3,89.038079303422,2.3702389829207204,1,1,0,0
21,0,2,72.99002118846602,2.4293482372658257,1,1,0,0
15,0,1,52.90818977527379,1.5033840642886704,0,0,2,0
18,0,1,99.74331585848836,2.2495013189130897,1,1,0,0
16,1,1,52.88902804981833,3.1161468540948265,1,0,2,0
15,1,0,84.75176144292766,3.935486109540893,0,0,0,0
21,1,3,99.18394626317068,3.6176520674597485,1,1,1,0
21,0,2,61.95900521079628,1.5589874116138227,0,1,1,0
20,1,3,57.11246843435981,3.7464015116870986,0,1,0,0
19,0,3,56.069246971121444,3.457996033246565,0,0,0,0
17,0,3,65.16375737837978,3.450940308927451,1,1,1,0
18,1,1,55.052290550532334,2.6449893975089287,1,0,0,0
20,1,2,84.60806708470659,2.495013232386257,0,0,2,0
17,1,2,53.114589906503134,2.2572893220829817,1,1,2,0
17,0,3,75.47110640748949,1.6642371473859146,1,0,2,1
15,1,1,99.83484269264883,2.0705884087342477,0,1,2,0
17,0,1,90.69851347530094,2.1165090874450616,0,1,2,0
19,1,2,80.76097191155054,2.710192674275504,1,1,0,0
21,0,1,65.31268103933058,3.3686110164917347,0,1,0,1
20,0,1,81.19479181458192,2.6845245709948666,0,1,2,0
17,1,1,76.35207319558258,1.6446111236179015,0,1,0,0
15,0,0,71.30416919451858,3.89447450247051,1,1,0,1
19,0,3,56.535518837009974,3.856810797735281,1,0,2,0
16,1,2,94.33021076202334,3.462973857871021,1,1,0,0
21,0,2,72.48923244106612,3.9783197539105513,0,0,0,0
21,1,0,59.73112559103825,2.8612058320006573,1,0,0,0
20,0,3,68.38796754386448,3.9069208756330154,0,0,2,0
21,1,2,70.70648762644635,1.689012601541877,1,1,0,0
17,1,1,91.37689477834371,2.4142018706534283,1,0,1,0
15,0,2,86.6807190280701,2.0634531700169143,0,0,1,0
21,0,1,88.46524468206698,1.9895827103356751,1,1,2,0
21,0,0,50.55156322143236,1.8520073722316903,0,1,1,0
16,0,1,70.80769990898807,3.0560341039149916,1,0,2,0
16,0,2,74.06720758176618,3.4533046393682625,1,1,1,1
18,1,2,50.95961384115284,2.9457459985509016,0,1,1,0
19,0,2,62.99066043725171,1.8674067739705242,0,1,1,1
17,1,0,88.01449115610674,3.527809424833677,0,1,2,0
21,1,0,56.855485286449955,3.089886767909321,1,0,2,0
21,0,3,76.76550657262959,2.4704142653174888,1,1,0,0
15,1,2,60.76009360086188,3.1853257388401577,1,1,2,0
18,1,1,50.60603873219466,2.149762448107082,0,1,1,0
19,1,0,62.06007287997707,2.362980521235526,0,0,1,0
18,1,2,98.7936877455027,3.7937146078299757,0,0,2,1
20,0,2,90.07685559414948,2.226261264178551,1,1,2,0
19,1,0,97.97883221605167,2.6749706703948415,1,1,2,0
21,0,3,74.39270219631813,3.7253528434900365,0,0,0,0
21,0,0,55.48680993387518,3.2693033756688186,1,1,1,1
19,1,0,77.39797444868465,1.6555080654117569,0,1,0,0
21,0,1,72.71886672799805,1.8682576106974258,1,0,0,0
17,0,1,92.2178541369808,1.519603976929792,1,1,1,0
19,0,3,54.90412903921223,3.0773044755729084,0,1,1,0
18,1,2,74.4120568510889,2.619183563526046,1,0,2,0
19,0,0,57.50243323469921,1.8356871272556887,1,0,2,0
21,0,3,66.23379634450299,3.8948353026419262,0,1,0,0
17,0,1,86.86785386938999,2.8241493098640498,0,0,2,0
17,1,0,73.80090646843833,2.104733235282223,1,1,2,0
20,0,2,68.79441425728847,2.7515089278867686,0,1,1,0
18,1,1,69.72381392850177,3.1990508318377695,1,1,1,1
16,1,1,72.97233842029934,1.6905980449339113,0,0,2,0
16,1,1,89.25082719185284,2.18675953761973,1,0,1,0
19,1,3,94.60423444701172,3.517413727209984,1,1,2,0
20,1,2,97.76673432519641,2.6491621760066533,0,1,1,0
15,1,0,89.34516931276475,2.866442855080737,1,0,1,1
19,0,3,65.77034478740063,2.582040005523673,1,0,1,0
20,1,3,84.4067353043271,1.6097498566075128,0,0,1,0
18,0,3,71.8801562027696,1.9143744495503898,0,1,2,0
18,0,1,62.73353110230256,2.6138540968547272,1,0,0,1
18,1,2,92.04357897129613,2.0229636635198194,0,0,1,0
18,0,3,51.92131744811625,1.6249475716491968,0,1,2,0
18,0,0,95.08809960677118,3.6091241601295594,1,1,2,1
20,0,2,73.0738732312367,3.9529813229102895,1,1,1,0
20,0,0,81.86007384041402,3.4828571849918486,0,0,0,0
17,1,2,82.96769611028913,3.6344623042616675,0,1,1,0
16,0,0,94.75588703532682,2.1049428257926133,0,1,2,0
21,1,1,81.83348410836037,3.9015674387829993,1,1,0,0
18,0,3,80.69667923800309,1.992314261133571,1,1,2,0
15,0,0,53.3326020280345,3.8785745259045807,1,0,1,1
21,1,2,75.9204010972602,3.9870482349148775,1,1,0,0
20,0,3,57.50845004085208,3.2793070143651217,1,0,2,0
15,0,3,86.87168843607428,3.952859329479555,1,0,2,0
15,0,2,75.61109604063373,2.923849448917759,1,0,2,0
15,1,0,84.01138896041766,2.148854457940226,0,1,1,0
17,0,1,52.083645030119214,2.592489714164052,0,0,0,0
20,1,1,54.23960080229016,2.983902338446965,1,1,1,0
15,0,0,85.81616940313411,1.6827039050675374,1,1,1,0
18,1,3,53.60421679993367,3.0558581615431155,1,1,1,1
19,1,3,53.56283638826293,3.9529445919057364,0,0,0,1
15,0,3,50.605423761744376,1.975269124459319,1,1,1,0
17,0,3,97.82506991497401,3.4814877907209585,0,1,1,0
21,1,0,86.87541797295034,3.7697469844490485,0,1,1,0
20,1,3,67.66257042510321,3.859253982050552,0,0,1,0
17,0,2,64.82677906438276,3.9003390110136182,0,0,2,0
15,1,3,67.48516148729247,2.80364909680368,0,0,1,0
20,0,1,88.73267655905909,3.9432697699787593,1,1,2,0
19,0,3,83.06853055352072,3.393275517836097,1,0,1,0
15,0,0,59.259778393373395,1.9041785905924047,0,1,0,0
17,0,1,58.70546676670422,2.692250266169925,1,1,2,0
16,1,0,54.91978248566986,3.29582793843001,0,0,2,0
18,0,0,83.0151359850669,2.1183507895477085,0,1,2,0
21,1,1,88.2186331110868,3.1015379588722185,1,0,2,0
17,0,0,63.2523214162502,3.1665011976165482,1,1,0,0
20,1,0,51.047248051545644,1.9067493595214147,1,0,1,1
15,0,3,54.10858337382137,2.9127132811318908,1,1,2,0
18,1,2,98.39300174225153,3.429067277446519,1,1,0,0
15,1,0,64.77223887387102,2.747239161339855,0,1,2,0
20,0,0,88.46115739190668,1.5302577919402687,1,1,1,1
15,0,0,81.23317844271318,1.5225961726982304,1,1,2,0
16,0,3,69.09698198264479,2.3925733599250307,1,0,0,0
18,0,2,60.28436310977776,3.815485171079455,0,1,1,1
18,1,1,56.06932090797032,2.071691949009022,1,0,0,1
20,0,3,80.75064840194332,3.085909222179218,0,0,1,1
21,1,3,88.7316890318894,2.0551896767333013,1,0,1,1
16,1,2,82.19521267705653,2.3041749741488715,1,1,1,1
17,0,2,76.51510666245792,3.62010522400371,0,1,2,0
15,1,3,52.097561171581816,3.3221536056748673,1,1,0,0
19,1,1,98.42443887971919,1.7384981932830266,1,0,0,0
15,1,3,89.93570958272872,2.571755052466084,0,1,0,0
15,1,2,64.64110183504823,1.5729244091131611,1,1,1,0
17,0,1,98.99851646794252,2.7022253665075224,0,0,2,0
15,0,2,80.09407948181611,3.15608502925267,0,0,1,0
16,0,1,79.12113291036232,1.796256558995379,0,0,0,0
16,0,0,87.4036589714766,2.2222123472729143,0,0,2,0
18,1,2,90.58848940450687,2.4945915637553924,0,0,2,0
20,1,2,82.82393036657513,3.7988275616401244,1,0,2,0
21,0,3,56.40478731831,3.98313753855741,1,1,0,0
19,0,2,66.91337529972492,1.6122782474890396,1,0,2,0
15,0,2,96.40418201630249,3.40251980873848,0,1,2,0
15,1,0,61.230780592192595,2.429310166005858,0,1,1,0
17,0,2,68.60835119187567,2.4811454655737,0,1,1,0
20,0,0,71.6038441472098,3.385662433367557,0,0,2,0
16,0,0,71.97024948472261,3.7960660803635218,1,1,2,0
19,1,0,80.64697912472627,3.877321486256371,1,0,1,0
18,1,0,97.15379188723537,2.942806465095802,0,0,1,1
16,1,1,62.034635591625246,2.392802898251257,0,1,1,0
20,1,3,56.0750688150459,3.468872714646948,1,0,0,0
21,1,1,59.873524492996864,2.1275034581557506,0,1,0,0
18,1,2,94.34624501046348,2.9101850720837943,0,1,1,0
21,1,1,82.2905406327603,2.3964461538121826,0,0,2,0
17,1,1,64.29533946195801,3.1415776842696905,1,1,1,0
17,0,2,90.79734694843086,2.1009972822337675,1,1,0,0
15,0,2,93.0684998181718,1.9789823643370643,0,1,2,0
21,1,2,92.3257169345139,3.795597716688593,1,0,0,0
20,1,1,95.94632668197772,1.7545092073738422,0,1,2,0
19,0,1,62.612051008668075,2.764894769337329,0,0,0,0
18,1,2,87.75209643731392,2.0521319574075223,1,0,2,1
16,1,3,73.026974863707,1.5973249083141687,0,1,2,0
20,1,3,92.09992764450308,1.590047045728566,0,1,2,0
20,0,0,86.42453385808065,1.9380544302645684,1,0,2,0
17,0,2,88.82237232498623,3.6669258862650005,0,0,0,0
21,0,0,82.80809188405357,2.2061968599425668,0,1,0,0
15,0,3,58.87143847348534,3.8761479264382395,0,1,2,0
15,0,0,77.25134594484692,2.954055732472984,1,0,2,1
18,1,2,99.23348697622541,2.5915354744219155,0,0,0,0
17,0,2,96.86940332485594,2.9502220866736364,1,0,2,1
20,1,2,52.158686789850584,2.7917459630656696,0,0,2,0
19,1,1,58.24074078647186,3.396940634393313,0,0,2,1
17,0,0,56.58643867272809,2.2062401649321304,0,1,1,0
18,0,3,86.29899549926478,2.382625979000756,0,0,2,0
18,1,3,90.88926649284726,3.7352357563331267,1,0,1,0
17,1,3,60.675568315533596,3.8661412828760136,1,1,2,0
18,1,1,75.29263464759146,3.731395568716186,0,1,0,1
17,0,1,92.03515140056,2.548619984893284,0,0,1,0
16,0,2,86.64007723831253,3.4509137575172044,0,0,1,0
17,0,3,77.11186027459242,2.6908393332527467,0,1,2,0
21,0,1,79.51738452293864,2.7438496303652555,0,0,2,0
17,0,2,75.418027345814,2.0117002726432096,0,0,1,0
18,1,3,64.87742256594103,2.9778257581462912,0,1,0,0
21,0,0,78.2510996429508,1.9653397443833698,0,0,0,0
18,1,2,84.44426510250453,2.328911747667984,1,1,2,1
15,1,1,93.66614579304039,3.637575504049838,1,1,0,0
15,1,1,81.8145676989624,2.017689523027138,1,1,0,0
21,0,2,88.0560768521579,1.677895712933582,0,1,2,0
16,0,2,58.003581747728646,1.6725189815320407,0,0,0,0
15,0,1,73.07787372098949,3.8519613012577696,0,1,2,0
17,1,0,50.46658099135467,2.7673010949045866,1,0,1,0
18,1,3,62.33394322608115,2.5235301795425458,0,0,2,0
15,1,0,86.32308575565024,3.527196452519796,1,0,1,0
15,1,2,99.59049756746816,3.58956481977629,0,0,1,1
16,1,0,54.958904979360796,2.3304775827890114,1,0,0,0
21,1,1,70.07471579306441,3.2340451436844884,1,1,0,0
21,0,2,90.00354843495798,3.4278070396297164,1,1,0,1
20,0,3,60.20178173144494,3.1366267171648863,0,1,2,1
16,0,1,77.7542474651143,1.8789876870002484,1,1,0,0
17,0,1,86.65356480148374,3.6897077087926426,0,0,1,0
21,1,3,80.79927251300896,2.8477363818400216,0,1,0,0
18,1,3,59.401236730770805,2.2061810659250094,0,0,0,1
16,0,0,67.76922843428697,2.5630704635942347,0,0,2,1
15,1,2,89.18958922426987,1.5939277259972684,0,1,2,0
18,0,3,77.71132570660083,1.8196670030560438,1,1,1,0
18,0,3,50.261480677145634,3.413866876289652,0,1,2,0
15,0,2,88.0495380014047,1.5000290868884154,0,1,0,0
16,1,3,51.76556774701196,2.5414145712057303,0,0,2,0
15,0,3,87.2866891365616,2.806275452713971,0,0,1,0
20,0,0,60.124028008261874,1.6365860500024307,0,1,0,1
18,0,1,97.90367400596901,3.932695407430832,1,0,1,0
19,1,1,68.39703756510423,2.06531332812418,1,0,2,0
19,1,1,66.34658081690395,2.260496799090702,0,0,2,0
17,0,1,57.44440251662223,2.2598562806375684,1,1,1,0
21,1,3,65.28021077451075,2.0760416552933747,1,0,0,0
15,1,2,93.83253809141003,1.5036845552157785,0,1,2,0
15,1,2,99.81671688136237,3.323361985219991,1,1,2,0
17,1,0,68.41547652534241,3.9171137494982133,0,0,0,1
17,1,0,72.43053154772713,2.060733708212613,1,0,2,0
17,1,3,86.10354691013686,3.157617979508556,1,1,1,0
18,1,2,94.30978902325373,3.3547408173967876,1,0,2,0
20,1,2,79.6522167093392,3.621063447726312,0,0,2,0
15,1,1,69.57628490889147,2.556572992534023,1,1,0,0
18,1,3,70.63109204243119,2.257327264101073,1,1,1,0
17,0,3,84.78090732484034,2.3132378350575777,0,1,0,0
15,0,1,50.16091318021393,3.281553332746282,0,1,2,0
18,1,3,80.97946687299203,3.54194866626409,1,0,2,0
20,0,3,67.77465052206787,1.9540349193915065,0,0,0,0
18,0,0,89.7098665638542,2.427352520394413,1,1,0,1
20,1,2,54.64953199115661,3.754850491872875,1,1,0,1
17,1,3,79.41011334741953,3.516733799236848,0,1,1,0
20,1,0,74.04864449430619,3.9621460069061896,0,0,2,0
15,0,2,82.11627629526137,3.385620649205202,0,1,0,1
17,0,1,53.24267972414842,2.4829880025698055,1,0,2,0
15,1,0,78.99918937140657,2.9765945849865947,0,1,1,0
19,1,0,78.07422939797618,3.1525356356183005,1,1,1,1
16,1,2,78.03300472080855,1.69613954079281,0,1,1,0
20,0,1,80.17438332982275,2.861242397759663,1,0,1,1
16,0,0,83.82339686131812,3.273302071181524,0,0,2,1
16,0,3,90.24944998403848,1.9183032600026508,1,0,1,0
20,0,3,63.49103600641072,3.451579293563893,0,1,1,1
17,1,3,91.2524705090031,2.9594319512852794,1,0,0,0
19,1,1,74.91278411317268,3.8805544642439864,0,0,1,0
15,1,0,53.852913956716556,1.6060557455172293,0,1,0,0
18,1,3,52.92754646219896,2.1633153438886676,1,1,1,0
15,0,1,66.71191593480305,3.00388469824956,0,0,1,0
18,0,3,89.24484885557338,2.2413997805148265,1,0,0,0
15,1,2,85.3840467370458,3.2860604101781057,1,0,1,0
20,1,0,89.43074823362032,3.3975132063048274,0,0,2,0
19,0,0,75.86345282208046,1.7562899101661862,1,1,2,0
18,1,1,72.00994989777453,2.784636160516919,0,1,1,0
21,0,1,57.372626335314195,2.7722263889776397,0,1,2,1
17,1,0,66.40963768046558,2.4232019255388524,1,0,0,1
15,1,3,71.70096830869376,3.83231215642418,0,0,1,0
15,1,3,54.43002148398086,3.568765799683053,1,1,1,1
18,1,2,61.03059763556056,3.243023454774092,1,1,0,0
17,1,3,79.91126470318694,3.285816589337494,0,0,0,0
17,1,1,86.7831557119595,2.654290359532798,0,0,0,0
20,1,1,99.91737556964748,3.8024863027414395,1,1,1,0
21,0,3,96.65566656717789,3.2364885681332134,1,1,0,1
20,0,1,82.12825997675958,3.322452654139541,0,1,0,0
20,0,0,71.0624026647036,3.654227259468363,0,0,2,0
20,0,0,81.80886823541164,2.1851789733554776,0,0,2,0
20,0,3,89.2825809040116,3.5176772596667574,0,0,1,0
20,1,0,55.91680954616937,1.98810150739123,1,0,2,0
19,1,0,70.4952444848144,2.3633548806122198,0,0,2,0
17,0,2,91.99011428178086,2.3390261356746067,1,0,0,0
20,1,2,69.1916475966522,3.9463136709728515,1,1,0,0
17,0,0,78.59361356135932,3.641343059369817,0,1,2,0
17,0,3,79.38846804310991,3.2529246539756493,1,0,2,0
16,1,2,59.22381265668197,3.3176419040384753,0,1,2,0
19,1,1,68.11177208261442,2.9051819860064274,1,0,1,0
20,1,1,66.72556443709661,3.8677266677712976,0,1,1,0
15,0,1,51.30983542660324,2.740646882205904,1,0,1,0
18,1,3,51.209588194567765,2.451294274674736,1,1,2,0
21,0,0,91.58485218378868,1.9075883423289774,0,1,2,0
15,0,1,63.65354049864062,3.465514130652645,0,0,1,1
19,0,3,75.90393831194078,3.3361098301889784,1,0,1,0
18,1,2,64.93627867943866,2.460887596310337,1,1,2,0
19,1,0,97.03396225576702,1.5629835348980734,0,1,0,1
17,0,2,62.964837943288686,3.597493319295027,1,0,1,0
18,1,3,71.48284063694675,1.528544958635184,0,1,2,0
17,1,1,93.63651252423008,3.2592494490726276,1,0,2,0
15,1,1,92.09667833959043,3.9256427743151425,0,0,0,0
15,0,3,59.305070892313864,2.5941533203705087,1,1,2,0
18,0,1,90.13216548978552,2.087433512489882,0,0,2,1
18,1,0,72.90934433689463,3.2621775251084544,0,1,1,0
20,0,3,74.14844360426775,3.542820355038963,1,1,1,0
19,1,2,56.67399862079719,2.8660757901946186,0,0,0,1
20,1,3,54.03007568785623,3.9175881881403654,1,1,0,1
19,1,0,86.39696534868827,1.6291718041449028,0,0,2,0
20,1,0,74.82305761776499,2.76198899576132,0,0,1,0
17,0,3,71.84253513075898,3.296134868306375,0,0,0,1
18,0,3,86.47541143261984,3.6566011778729473,1,1,0,0
15,0,1,88.27564494955548,1.9481390297694752,0,0,0,0
19,1,0,57.94540838346768,3.5000087044092036,1,1,2,1
19,1,3,80.51125747388207,2.881767689296363,0,0,1,0
15,1,3,56.76770411388428,2.491384204974908,1,0,0,0
20,0,0,87.56875430145229,1.829287571447734,1,0,1,0
19,1,3,82.84775781335698,3.663239397272281,1,1,0,0
21,0,1,97.8307310541729,1.8931830204492883,0,1,0,0
17,0,0,53.44790081782106,2.274469648022748,1,0,1,0
18,0,1,52.852736057562716,2.225113829906092,0,0,1,0
15,0,1,64.10935373466,3.6785350854771357,1,1,1,0
18,0,1,63.0852841867953,3.181757485522245,1,1,2,0
21,0,1,62.348939953599995,3.4917034929784307,1,1,0,0
19,1,0,95.31272902605184,2.1261697469812475,1,0,2,0
19,1,1,62.477309992475305,3.0621852490174972,0,1,1,0
21,0,1,63.59748630643155,2.929364957859372,1,0,0,0
15,0,3,87.96991312089818,3.5820759419706776,1,1,2,0
17,1,0,72.486992122527,3.765217651203151,0,0,0,0
16,0,0,88.83552784775907,1.530391928693467,1,0,2,1
15,0,2,53.26830787821926,3.1850497976469816,1,0,1,0
16,1,0,74.37855968366921,1.6295894977993226,1,1,2,0
21,0,0,51.680680009164135,2.87214666269339,1,1,0,1
20,0,2,53.13266017276773,2.2190818226091955,0,1,0,0
16,0,0,95.32187266722055,2.266941498805353,0,0,0,0
17,1,0,56.96226855587976,2.3823962586308913,1,0,0,0
20,1,0,76.62103411376086,3.0532311226240254,0,1,1,0
16,1,0,70.55478013003533,2.335124914171923,0,0,2,1
21,0,2,67.36716631294213,3.331747626475701,1,0,1,0
20,0,0,94.99166728436361,2.511318463934674,0,0,1,0
21,1,0,51.091169838774476,1.6708830007748965,1,1,1,0
16,0,2,83.18948430877946,3.459399606210268,0,0,0,0
21,0,3,98.16972171067752,2.214395811481765,0,1,0,0
17,0,1,78.0084091730921,2.5819171989981564,0,1,0,0
16,0,3,96.84112310165459,3.213609708054754,1,1,2,0
16,0,2,52.612893964301186,2.33114039287178,0,1,0,0
16,1,1,70.93966595370807,1.6414641403667891,1,1,2,1
15,0,2,63.007889548102554,2.434802617532034,1,0,0,1
15,1,2,86.54104824903649,3.8611214567357584,0,1,0,0
15,0,0,99.06485452486234,3.104335993246395,1,1,1,0
17,1,1,62.82650312221239,3.1786978716680174,0,1,1,0
20,0,0,82.70873007370372,3.0807053840940997,1,0,1,0
21,1,1,59.904881637987,1.997480347398592,1,0,2,1
19,0,2,78.2665127285805,2.5458346602557,0,0,2,0
16,1,2,73.19662433441681,3.3773494959082955,0,0,0,0
21,0,3,98.60026648157685,1.753432243882898,0,1,2,1
16,1,1,80.42636363482333,2.194631940224281,0,1,0,0
17,0,0,67.47531860434094,2.1907977711646343,1,0,2,1
16,1,3,55.704789244396665,2.580047318986265,1,0,2,1
15,1,3,57.56234143674673,3.950921852355463,1,0,2,0
19,0,3,61.26584649756175,1.6687563667095549,0,0,1,0
18,0,0,62.5483330670149,2.7967524859514876,1,1,2,1
16,1,3,92.5308028920569,1.948411705030526,0,0,1,1
21,0,0,78.06113941412625,3.9266913635243603,1,0,1,0
15,1,3,76.16954556871832,1.7832587618186606,0,0,2,1
18,1,0,55.73844359346087,2.509002505903978,1,0,0,0
19,1,2,93.00698466747176,3.344712462086515,1,0,0,0
18,0,2,86.14071516042418,3.261386070068613,0,0,0,1
15,1,2,53.38341809500008,2.5568215922348307,1,0,2,0
20,1,2,85.39175486148844,2.3663104198817955,0,1,0,1
20,0,2,77.1769108671323,2.4940309463821766,1,1,1,0
18,0,3,54.08626728733891,2.1606906578965983,1,1,0,0
17,0,3,72.91503207643282,2.0133323467669992,0,1,2,0
21,0,3,74.23481435650234,2.707599243897225,0,1,0,0
21,1,0,58.28872700816379,2.1713343901690183,1,1,1,0
18,1,0,97.28490735001412,2.2186541622431255,1,0,2,0
16,1,0,92.4987685740331,3.1418901586863925,1,0,0,0
16,1,0,83.45111686645541,3.9213433292497304,1,1,2,0
21,0,2,73.11477805003037,3.009093001398438,1,0,2,0
21,1,2,70.58827707922542,1.6924486676624158,1,1,2,1
20,1,2,82.5486733575477,1.6889590346351675,0,0,0,0
17,0,1,77.27159347034527,3.878558052113915,0,0,2,0
15,1,3,53.11365529409428,2.243226975768334,0,0,0,0
16,1,0,75.62513243851659,1.7301674652061885,1,0,1,0
21,1,0,90.32018086164197,2.997611467875954,1,0,0,0
20,1,2,72.96199387984791,3.059121945725665,1,0,1,0
19,1,0,52.59782887771342,3.1212620502967203,0,1,0,0
20,1,0,89.31390996920166,2.168505069643853,0,1,2,0
16,0,3,60.06818910679872,1.5377767105361877,1,0,0,1
16,0,2,62.93104174440194,3.9125384236361795,1,1,2,0
20,1,3,58.235317671614794,2.127232614227756,0,0,1,0
15,1,1,66.51075324357488,3.1900657201313685,0,1,0,0
18,0,1,87.83757528443175,3.266574674696774,0,0,2,0
16,1,1,75.96929297519686,3.025018542698714,1,1,1,0
20,1,2,60.24406370753563,2.2822684855341207,1,0,1,0
21,1,0,93.89150390760204,2.1777406344101644,1,1,0,0
20,0,2,93.97909274757646,2.9941707067567576,0,0,1,0
17,1,2,93.52892125230034,3.6652390840292286,0,1,2,0
18,0,0,61.93981056907697,3.866834322308489,1,0,1,0
19,1,3,72.56196720904941,1.7647645110093941,1,0,1,0
15,0,1,99.24948280704376,1.8870715314942996,0,0,2,0
19,0,3,88.60062381549952,3.861840646957699,1,1,1,0
18,1,1,51.35837106127799,3.3413380708369815,0,1,1,0
18,0,2,53.2602295630246,3.7074845620744328,0,1,1,0
18,1,1,73.19656884061664,2.006581585338358,1,0,1,0
19,0,2,95.461010293078,2.9689646777735046,0,1,2,0
21,1,3,76.93508989763572,3.252848986043684,1,0,1,0
18,1,2,74.89062540171452,3.200279713617432,0,1,2,0
20,0,3,55.27368499783153,2.520379227166745,0,1,1,0
19,1,0,82.8390052362147,1.5384872292282712,1,1,1,0
18,1,0,91.10515803001127,2.957315142010658,0,1,1,0
20,0,0,69.02100037537812,2.132753847949022,1,0,1,0
21,1,2,88.78059254626638,2.6256356153572256,1,1,2,1
17,1,0,98.22383269504058,3.893952537709543,0,1,2,0
21,0,1,60.188322956384454,2.4975882941060865,1,0,2,0
18,0,3,76.16648155973706,3.599504016661067,1,0,0,1
19,1,3,64.35689790422877,1.971351514373128,1,1,1,1
16,1,1,89.64272095169197,3.181151245062572,1,1,1,0
18,0,2,78.87966829405788,3.9425173860973586,1,0,2,0
16,0,2,81.72912087751519,1.754732752182342,1,0,0,0
20,1,3,89.8957079807947,1.52079985556798,0,0,1,0
17,0,0,69.79852363312274,2.5839569815815358,1,1,2,0
15,1,2,95.75450342035217,1.731563707628418,0,1,1,0
21,1,2,76.65144336230699,3.3709608741905783,0,1,1,0
17,1,1,57.8977411417674,3.7863716596213974,1,0,2,1
18,1,1,84.79495590844013,2.585052431771897,0,0,2,1
16,1,0,89.66306752191272,2.1467791053886023,0,0,1,0
21,0,2,65.83808385337633,2.5860082975165244,1,1,1,0
16,0,2,92.85896284993765,3.3086195446250026,1,0,2,0
19,0,1,95.30716273828833,1.5226354039509276,1,1,1,1
16,0,2,63.84522436889045,2.973634973711743,0,0,1,0
19,1,3,99.1760736357611,3.0332292122184477,0,1,2,0
20,1,1,57.03557640243792,3.0942206172398388,1,1,1,0
21,1,0,60.1007834201245,2.105055199952193,1,0,1,0
21,1,1,59.21124196190131,3.2851318084453167,0,1,0,0
15,0,2,94.69948550039352,1.728478715829441,0,0,2,0
18,1,0,82.7146276162481,1.998175841167002,0,1,0,0
19,1,1,57.60521416111364,3.693675116636205,0,0,0,0
15,0,3,72.01617091841744,3.346807876816416,1,0,0,0
16,0,3,80.76490125349011,1.5343638850283632,0,1,1,0
16,0,1,54.173204249469165,2.1209406509245006,0,0,1,1
15,0,3,94.12081842036693,2.0360162074829113,0,1,0,1
21,1,3,90.18017677207675,2.177015820092431,0,0,0,1
16,1,3,75.26033867883191,2.1188994256997162,1,0,0,1
20,0,0,98.35633076295852,1.6563157393571144,1,0,1,0
20,1,3,70.88804896375498,2.647351291492051,0,0,0,0
15,1,3,99.20551595182489,3.331833686965413,0,1,0,0
19,1,3,83.39599994018135,3.016829311793591,1,0,2,1
19,0,0,81.73356366269707,3.1821791714951995,1,0,2,0
15,1,1,58.29774476478925,1.7028729463405978,0,1,1,0
19,0,2,94.0963879152322,3.878726775441968,0,1,2,1
21,1,3,71.37448439603077,3.596229584607562,1,1,2,0
21,1,1,58.111670289123964,3.512725796239157,1,1,2,0
19,1,3,50.630375998787954,3.5574595126044186,1,1,1,0
20,0,0,77.98778418191912,3.831776270331903,1,1,2,0
19,1,1,76.36998110613382,2.860634915284244,1,0,1,0
21,0,0,85.96768111845793,2.000705044669065,1,1,0,0
17,0,3,94.51290265089011,3.041959019631353,0,0,2,0
18,0,3,53.97032923215148,3.3572037341698477,1,1,1,1
16,1,0,86.57482451701811,3.3447934833850637,1,0,2,0
17,1,2,59.37059720487911,2.8036225604172005,1,0,0,0
19,1,0,92.9088526578582,1.6711467983339452,1,0,1,0
20,1,3,90.95317569308281,2.4277823460753196,0,1,1,0
15,0,0,77.03968774927722,3.801916521158393,0,1,1,0
19,0,2,85.51213993116558,2.9611222743935652,1,1,0,0
20,0,0,65.71750565918742,2.8458298581392834,0,1,0,0
18,1,2,73.55839494664073,2.172133785955484,0,0,0,0
19,0,2,91.08184488552358,2.421122299791447,0,1,1,0
21,1,0,72.96325985866069,3.738365222882923,0,0,0,0
15,0,0,67.88991326627209,3.1661576188170892,0,0,2,0
20,1,1,74.710622362515,3.468467566880832,0,1,0,0
20,1,3,91.41246262186093,2.635863557669138,1,1,1,0
20,0,2,66.76040236854364,3.075618048640395,1,1,2,1
18,0,1,58.68807965678719,2.1209590218580185,1,0,0,0
19,0,0,85.60070101653903,3.2636520757087157,1,1,2,0
18,0,3,91.2989106354041,2.569003334258343,1,0,2,0
16,1,1,55.031873926176665,2.606363787036864,0,1,1,0
16,0,2,61.993705637797234,3.1233058114422043,1,0,2,0
19,0,1,57.09859948804969,3.8407015536723166,1,1,2,0
21,0,2,67.39707057910833,1.6600158665215523,0,1,1,0
18,1,0,72.51754894527063,3.561858093367519,0,0,1,0
15,1,3,87.44131684816531,2.2309577760304826,1,1,1,0
20,0,3,82.5573792440837,2.6097986362659444,0,1,2,0
20,1,3,81.04642837392156,1.5547833219375224,0,1,2,0
19,0,0,67.61874733048272,2.2526151945857826,0,1,2,0
21,1,2,92.072377654238,2.756578106575326,0,1,1,1
16,1,0,73.56435836990823,1.6404401933685975,1,1,0,0
16,1,3,98.95524690075773,2.7277393234579126,0,1,2,0
20,1,0,81.70710691478683,3.817776572146068,1,0,0,0
19,0,0,56.313237078225136,1.763483045269513,1,0,1,0
18,0,0,83.80887810377169,3.411101820188761,0,1,2,0
16,0,2,66.25520077158495,2.5241776334399817,0,1,0,0
18,1,1,84.31635983430488,3.137934286310845,0,1,2,0
21,0,1,53.48205740812028,2.1505914949630736,1,0,2,0
16,0,0,58.744071858797966,1.8987306563533957,0,0,2,1
16,0,1,92.78686294528931,1.9011565356780662,0,1,0,0
17,1,1,61.358977851175744,1.6762298641078617,0,0,1,0
16,1,0,91.852056262147,1.9641167622531075,0,1,2,1
15,1,0,63.96380442272052,3.1605484624724207,0,1,1,1
19,0,3,82.14409550293539,3.70422652960877,1,1,1,0
19,0,1,84.70752867549155,3.5353142139779044,0,1,0,0
18,0,2,75.63273765725265,3.2128357746862104,0,0,0,1
21,1,0,65.26553383483656,1.7760796585277567,0,0,1,0
16,1,3,60.632218818554804,2.2229686157398745,1,1,2,0
15,0,2,51.659467728121314,2.2745171883061723,0,0,0,0
18,1,1,65.1973200620362,2.124892365994053,1,0,2,0
17,1,3,82.65813952656416,2.787514149274308,1,1,2,0
18,1,0,96.91524092242413,2.8388845371991813,0,0,2,0
18,1,2,93.5602241131526,2.3922149379277755,0,1,1,0
16,0,0,88.30323882676512,2.38447289684109,0,1,2,0
17,1,1,89.42236716266493,3.5713889947652033,1,1,1,0
18,1,2,83.24924517379976,3.473232120799214,1,1,1,1
15,1,1,63.01434287830015,2.2694895792018643,1,0,2,1
15,1,1,95.3597515352915,3.7844711096831483,1,1,2,0
19,0,3,83.53661559529169,3.882037542506265,1,0,2,0
17,0,0,78.02203154902199,2.3168563550751022,1,1,2,0
17,1,2,55.54947346067405,2.386062371982637,0,1,1,0
19,1,1,72.35277719032126,2.764085383554897,0,0,2,0
18,1,1,73.01791356009632,3.8528020313341838,1,1,2,0
17,1,2,93.2281804761335,3.6907985828557788,0,0,1,1
15,1,1,77.33241100938943,1.7564199064589745,0,0,0,0
15,1,3,69.02002744852048,2.4818268581785405,1,1,0,0
16,0,3,98.84001642553297,2.8834279743744293,1,1,1,0
17,1,3,55.536029666315784,2.75783118137885,0,1,0,0
18,0,3,71.12742141559723,1.9846576698422318,1,1,1,0
19,0,1,52.10123375857027,3.6470419279203865,1,1,2,0
19,1,2,86.99520603834651,3.192351957492093,0,1,2,0
18,0,2,95.90382760995753,3.594770937129509,1,0,0,1
21,0,2,64.00186647752447,3.6469106983736803,0,0,2,0
20,0,2,92.91708383995604,3.3708896341643495,0,1,0,1
16,0,0,64.61091152309488,2.5980265031242933,0,0,0,0
19,0,2,95.53850808219576,3.026366887538561,0,0,2,0
17,0,0,87.6980951798392,1.900913515299358,0,1,2,0
16,1,0,90.24533884207193,3.1841135436872694,1,1,0,0
17,0,3,50.90032778002273,1.9481331393482018,1,0,2,0
21,0,0,98.1405178537013,3.234873976275392,1,1,1,0
15,0,1,86.33354960351616,2.073995401884922,1,0,2,0
16,1,0,65.23755476930667,1.79387825037555,0,1,2,0
19,0,3,91.46973324294234,1.9132112253573936,0,0,1,0
16,1,0,64.0760599207465,1.5049803380476756,1,0,2,0
16,0,1,93.6376919783064,3.2968490446338254,0,0,2,0
16,1,1,55.62901952059685,3.331002622645948,1,0,0,0
20,1,1,85.18429887303978,2.787333374783149,1,1,2,0
16,0,3,77.03492383224551,1.9034070026384593,1,1,2,1
17,0,3,54.82672350977204,1.7088858437767245,0,0,1,0
15,1,2,62.09469141294195,1.5478224160932175,0,0,0,0
21,0,3,50.62020181386574,1.9143704424130519,0,1,0,0
18,1,1,73.43839827322529,3.7271388374578667,0,1,0,0
16,1,1,65.06326303800002,2.1038421042542046,1,0,2,0
19,1,3,79.91787421488795,2.3856783180430394,0,0,0,1
16,1,0,64.86189038543085,1.763363711203333,0,0,1,1
19,1,3,64.99595557534923,2.0559032618704256,0,0,0,0
17,0,3,87.15965993658017,2.798061426950513,1,0,1,0
19,1,1,52.40714179891767,3.0193817077391314,1,1,0,0
18,1,2,95.14474975959936,2.1133807854155275,0,0,0,0
15,0,1,92.61319371955906,1.644330398062793,0,1,1,0
19,1,2,83.39023416132034,2.4775821728184964,0,1,0,0
19,0,1,79.66107850536922,2.085508427315835,0,1,0,0
15,0,3,94.61512490698262,2.048884808074505,1,0,0,1
18,0,1,59.26650897643572,3.899657006783638,0,1,2,0
16,1,1,53.948458109541434,3.04075121481431,0,1,1,0
19,1,1,61.9755084954769,2.8921961079302396,0,1,0,1
15,1,3,89.72891393500952,2.5394377588083046,1,1,1,0
17,0,3,51.733513336324165,2.5723608335753605,1,0,1,1
15,1,3,79.14034175417449,2.852262509595202,0,0,1,0
17,0,3,99.7718758095655,3.241074517590268,0,1,0,0
18,1,2,92.78480469187697,3.255365240454574,0,1,0,1
16,0,2,76.07228445217947,1.929234769263624,0,0,1,0
15,1,0,53.18204546433212,2.7502818801915674,0,0,2,0
21,1,3,91.5686757192855,2.529895237585255,1,0,1,0
21,1,2,79.94892540886053,3.6763174156734606,1,1,2,0
20,0,1,55.746649852978344,3.0785473030459407,1,0,1,0
19,0,3,54.69286424116781,2.8312601660399546,0,1,1,1
18,1,0,95.48134097182961,1.7884866054472934,1,1,1,1
15,1,0,83.46001314690392,3.0140947233085287,1,0,0,1
21,0,0,91.46433996583778,1.7930097642005836,1,1,2,0
19,0,1,93.94894501411336,2.34301643891438,0,0,2,0
21,0,2,78.58861760241611,1.8571049120358296,0,1,1,0
15,1,1,75.87231758775206,3.2301841175609223,1,0,0,1
17,0,3,71.5213705160495,2.0156302845903813,0,1,0,0
15,1,0,65.84732938955597,2.479648432970065,1,1,2,0
20,0,1,71.72979804293558,3.7391869440469465,1,0,0,0
15,1,1,88.69398278650782,2.0107909584974255,1,0,2,0
15,0,2,80.09617155075658,2.7695126598969475,1,0,2,0
20,0,2,94.62616449774231,2.548179152915055,0,0,2,1
18,0,0,72.16900071895938,1.5453101026143243,0,1,0,1
15,0,1,80.35447893593769,3.481895283932032,0,0,2,0
20,0,1,81.56537765459944,1.6726147657864994,0,0,2,0
19,1,2,79.58485811531628,2.685637552442384,1,1,1,1
17,0,1,85.13168865427582,2.901695737347375,0,0,2,0
17,0,1,61.871673418740315,3.071066141536468,1,0,2,0
15,0,1,75.61818887728953,3.221579073269689,0,1,1,0
18,1,2,55.21124014041738,2.1331809588067876,0,0,1,0
18,0,0,69.22556638224063,1.5249469416461234,0,0,0,0
19,1,3,74.38335343106323,3.3086091558872797,1,0,2,0
15,0,0,82.61121297727362,2.8391414983689467,1,0,0,0
17,0,3,97.52655262931017,3.590294258018122,1,0,0,0
18,1,1,80.03255332741779,3.553470907251736,1,0,1,1
15,0,0,87.17969580882799,3.608315419469708,0,1,0,1
21,1,3,75.31330297476013,2.7127366499488503,1,0,2,1
18,1,2,81.70520156881656,2.3340709895921643,1,1,1,0
20,0,2,53.54661080668867,3.478895506478425,0,1,2,0
21,1,0,62.71957904209235,2.6282352825731374,0,1,2,0
18,0,0,68.09265466025693,1.9586054910085862,1,1,1,1
17,0,1,73.62466775032567,3.637435048903686,0,0,2,0
16,1,0,52.282437275119186,3.7063996919308684,1,0,1,0
21,1,1,57.001204877665884,2.665774390350425,0,0,2,0
19,1,1,63.84071538956529,1.6892493182744688,1,1,1,0
19,1,2,98.57663454505254,2.469565224792328,1,0,0,0
17,0,2,66.56735035515254,3.5088441486565083,1,0,2,1
18,0,3,74.10205290560413,3.7544350713655716,1,0,1,1
15,1,2,59.80488563691965,2.0086818562439896,1,1,2,0
18,0,2,80.5390035537884,1.6674340300631787,0,1,2,1
17,0,0,64.03416077579871,3.6933761328320966,1,0,2,0
19,0,2,60.34962892192134,2.4735123474471883,1,1,1,0
18,0,3,75.82863142229895,2.854402410668908,1,1,0,0
19,1,0,50.27528995802104,3.9201645301268973,1,0,0,0
21,1,3,50.383201632461265,1.666411819785557,1,1,0,0
15,0,2,60.95344045509289,3.120795018630239,0,1,1,1
21,1,3,51.83606812504106,1.6852635564371676,0,0,0,0
19,1,0,55.40128770653457,2.438672321166251,1,1,1,0
19,1,1,66.94303246693758,3.5095363629836167,0,1,2,0
16,0,3,90.12928397899064,2.583680581889086,1,1,2,1
16,0,3,78.60243216846504,3.992955884757376,0,1,0,0
21,0,0,75.63338629782082,2.8976482123665055,0,1,1,0
20,1,0,64.67444116040608,2.3029053815898837,1,1,2,0
21,0,3,96.58768597164081,2.050278314761883,0,1,1,0
16,0,2,69.85075206185958,2.3763013357154046,0,1,1,0
19,1,3,54.35463833978857,2.431333184398877,1,0,2,0
17,0,0,80.85332580589007,1.6717841943099025,1,0,1,0
21,0,1,55.69191967383007,2.423935498566933,0,0,2,0
19,1,1,67.2611571400846,2.6605962993480623,0,0,2,1
17,1,2,75.37059693589045,3.3068443805970116,0,1,2,0
17,1,3,93.71112623425878,3.1418237118040198,1,0,1,0
16,0,1,74.67732901700593,3.2719141380728853,0,0,2,1
21,0,3,85.11293830158321,1.5209092046921429,0,1,1,0
18,0,0,99.64084194995351,2.0441684989513402,0,1,2,1
15,1,1,56.57445599489908,3.1542107209996413,1,1,2,0
16,1,2,63.73657627597598,2.709973420449368,1,1,0,0
16,0,0,69.72880377988233,1.5132836891708648,1,1,0,0
18,0,2,71.09140892694157,3.5112366060795557,1,0,0,1
15,1,0,70.55105376327728,3.4320239332258433,0,1,1,0
19,1,1,95.38055012782775,2.8710479074839066,1,0,1,0
20,1,2,85.70163222334281,1.6661583144406804,0,0,2,1
21,1,2,80.39526070453519,3.4162876238314617,0,1,2,0
20,0,0,65.46863589313911,2.9592839693284096,0,0,2,0
19,1,2,91.18951921106473,3.454899942894898,0,0,2,0
16,0,0,97.75302557424945,3.3793674809896013,1,1,1,0
15,0,0,91.05991412751132,3.5075051798945927,1,0,2,0
16,0,0,50.078255259573645,2.795020166011562,1,0,2,0
17,1,0,81.82006850917035,1.8508112954837874,1,0,0,0
16,1,1,52.556769072105034,3.1778936834492217,1,1,2,0
16,1,0,62.880361016686095,3.0511844626299265,0,1,2,1
19,1,3,52.97623501738858,3.355632967997718,1,1,2,1
19,0,2,80.18977264746938,1.9247025151268382,1,0,1,0
19,1,3,84.32949567463034,1.987437999750723,1,1,0,1
20,1,1,55.72438190329525,3.7260237930483213,1,0,2,0
17,0,3,69.19194415224898,3.374944496130177,0,1,2,0
19,1,2,72.8118254477771,3.7705712217508074,0,0,0,0
15,0,3,68.45265108804583,3.396788302909802,0,1,2,0
20,0,1,56.05125002425965,2.992888264975755,0,1,1,0
18,0,0,70.94738950937378,3.135331842569684,0,0,2,1
15,0,3,87.55890239042091,3.7228198098500247,1,1,1,0
21,0,1,53.550383226662774,2.9470168862798514,0,0,1,1
21,0,1,54.00900070409517,3.0809783108209685,0,1,2,0
15,0,2,67.73856459179922,1.8911917900090014,0,1,0,0
19,0,2,97.08628558094625,2.684803050290257,1,0,1,0
18,1,3,83.42863233614571,3.290992779895247,1,0,0,0
18,1,0,83.93349783362824,2.1773567457909135,0,0,2,0
20,1,1,68.09599954189325,2.0056354513113375,1,1,1,0
18,1,3,79.68303956042692,2.284567020561039,1,0,2,0
21,0,1,50.50655920138717,2.1037515699820837,0,1,0,0
17,1,1,81.80480232047711,2.0372815925909897,1,0,2,0
19,0,0,95.66434737881184,2.5621271071702174,1,0,2,0
18,1,0,80.62867341724096,3.769596284708835,1,0,1,1
20,1,3,93.68492967331724,2.767649116846796,0,0,2,0
21,1,0,86.19865277330469,1.9698009520383075,0,0,2,0
17,0,0,56.02792082018451,1.6924291734521852,0,0,2,1
16,1,3,95.12266536429209,3.240390362844813,1,1,1,0
16,0,0,53.322192217788746,2.4569969110909695,0,0,0,0
17,0,2,76.6983736273882,3.5545773664633984,1,1,0,1
21,1,1,57.10685618967288,3.1487769216019252,1,0,2,0
20,1,1,50.5853305365452,3.4906036263534213,1,0,1,0
17,1,1,71.10171300638194,2.179865098546122,0,0,2,0
19,0,1,64.75203538270782,3.230897306152645,0,1,0,1
19,1,3,74.30002468988015,2.160154961734297,0,1,1,1
16,0,1,78.85999433672754,3.847671198625729,0,0,0,0
18,0,1,52.186953615447365,3.090935703833436,1,1,0,0
20,1,1,56.15016475618728,2.3112795004383555,0,0,1,0
16,1,1,77.93211982252127,2.173779655730682,1,0,1,0
18,0,2,67.15836765863291,1.9773164626791089,0,1,2,0
18,0,1,86.45867437747239,3.2366023972343196,0,1,2,0
19,0,2,82.614582429597,2.0467890324948184,0,1,0,1
21,1,3,92.28021814949534,2.9882581648187228,1,1,1,1
15,0,0,84.62464133346126,2.1615875673133935,1,0,1,0
21,1,1,71.49655386950741,3.1549223619846716,1,1,2,0
15,0,0,83.64833111972162,3.537349321351348,1,1,0,0
17,0,0,63.76905871277093,3.4450631078616327,1,0,0,0
19,1,3,65.31567493891063,3.4021283273269542,0,1,2,0
18,0,0,89.44925799603966,1.9693060142306302,1,1,1,1
20,1,2,72.32097582007911,1.7209623674612968,1,1,2,0
15,1,0,89.91901702591763,3.247372071218464,1,1,2,0
21,0,0,91.12111868341393,2.420868034485878,1,0,2,0
18,1,0,92.8781168830642,2.5808655660083684,0,0,2,0
15,1,1,95.83176179206036,1.5778727319834775,1,1,1,0
15,0,1,71.5492610256648,2.148941123187623,0,1,2,0
15,1,2,65.94334091605694,1.58419100968616,0,0,1,0
20,1,2,79.1099373297057,3.6979644315031193,0,1,2,1
19,1,1,68.55862117188138,2.1084917080463264,1,1,0,0
20,0,2,80.05370834001165,2.8933429239325203,0,1,1,0
16,1,1,85.27929313219123,1.597448301652826,1,1,0,0
18,0,3,84.42025092460685,3.167118478264145,1,1,2,0
19,0,0,68.72764435100606,2.3075683643852347,1,1,2,0
19,1,0,58.34301008493764,3.7447979673941645,1,1,2,0
19,1,2,71.52646692311038,3.7202954723350894,1,1,1,0
21,1,1,57.12970720409544,2.3132265459043695,0,1,0,0
19,0,1,94.50485175919042,3.7524022392261696,0,0,1,0
20,1,2,67.29387303689288,3.990394183746947,1,0,1,0
19,1,1,57.72298736116619,3.5635391603098703,0,0,2,1
17,1,3,51.272387995287545,3.6121783693880722,1,1,0,0
18,1,0,82.29111931432422,2.122521840272725,0,1,2,0
19,1,2,81.84511587273715,2.9417559971443907,0,0,1,0
18,0,2,67.03020832906458,1.6681397849184196,0,1,2,0
17,0,1,53.58559444238255,1.7372948420541743,0,0,0,1
17,1,2,70.4814447447616,3.9972315300832264,0,1,2,0
18,1,3,65.56087475316968,2.3165981235647775,1,0,0,1
15,1,1,83.85603198675047,3.3704597801221157,1,0,0,1
16,1,1,80.28896247263452,3.516662632567041,0,0,2,0
21,0,1,68.229686409877,3.645058177518073,1,1,1,0
15,1,1,60.894627712749504,3.9940707435053913,0,0,2,0
15,0,3,99.40179830777959,2.1037412131421696,1,1,1,1
20,0,1,72.70008105980574,1.6008770671492494,0,1,1,0
21,1,2,84.41371178901186,2.527978794986465,0,1,2,0
21,0,3,57.02764837891804,1.8252016745723674,0,1,1,0
15,0,0,74.27948498296989,1.5560647229051379,1,1,1,0
19,0,0,51.37683599347327,2.4010670678537154,1,1,2,0
20,0,2,75.2727558955225,3.459345627688091,0,1,2,0
20,1,2,98.20087035588512,2.9154517280626773,0,0,2,0
17,1,3,69.21033564929002,2.281944973025885,1,0,1,1
21,0,0,51.94980062874558,3.135855013731799,1,0,0,0
15,1,0,51.54778954596718,2.080045450772027,1,1,1,0
17,1,0,69.39933799734348,1.5359536151802127,1,1,0,0
18,1,0,58.001246823159704,3.4108834660910685,1,1,2,0
16,1,0,51.167604816409295,3.059357712160023,0,1,0,0
20,1,1,87.81068069750884,3.4057565612524,1,0,2,0
18,0,2,72.92615044409453,1.597345041719164,0,1,2,0
18,1,1,64.46223859863272,3.5927990695766305,0,0,0,0
19,1,0,95.00415915082404,3.0488155000907584,1,1,2,0
16,1,3,55.80694801002628,2.9084883767816003,1,0,0,0
18,1,3,97.79594144776595,3.061535120286329,0,1,2,0
18,0,0,65.69833586886764,3.6610831171709104,1,0,1,0
16,0,0,94.42018361543407,2.9673412663972676,0,1,1,0
16,0,3,80.14714382397308,2.952375949720448,1,0,2,0
18,0,1,91.33536798707436,3.9766978926644145,1,1,2,0
16,1,1,99.2006581605232,3.39182541767142,1,0,0,0
18,0,0,64.42027189093729,2.605734513627838,0,0,1,1
18,1,1,98.05677427037965,3.2684925000823193,1,1,0,1
19,1,3,69.47409474512102,2.473076179229471,0,0,2,0
15,1,1,69.27559523684612,2.0721886562087475,1,1,2,0
18,1,0,67.01935521272529,2.9921296922193985,0,1,0,1
17,1,3,77.07038036737926,3.8204552452848786,1,1,2,0
20,0,1,57.707252158924355,3.8228488000386567,0,0,1,0
21,0,2,77.68557426790056,2.354763195263726,0,0,0,1
15,0,3,77.0852406205002,2.8191936655542373,0,1,1,0
15,0,3,88.0950906302435,2.029089746424653,0,1,1,0
15,1,2,91.68249809687927,3.9890777737472085,0,0,1,0
19,0,2,72.0220675156212,3.9527947696698393,0,0,0,0
18,1,3,65.11666246757468,3.1237723242686184,1,0,2,0
19,0,2,62.96674486585472,3.5110351491936833,0,1,1,0
18,1,0,59.73119183524359,3.28775040320925,0,1,1,0
19,1,0,52.882379109951245,2.9828955475986705,0,1,1,0
19,0,0,67.12239894173567,1.6333699924722442,1,1,2,0
20,1,3,63.512384606539165,2.6369108563816526,1,1,2,0
17,1,2,98.32086929332037,3.1869657554185262,1,0,0,0
19,0,2,77.8854413125022,3.1938290347092115,0,1,2,0
20,1,1,67.36385195152538,2.432806546055959,1,0,0,0
16,0,1,79.0233800496848,3.8542299666450766,1,0,0,1
17,0,2,56.95983506728477,1.9183925805919526,0,1,0,0
19,0,2,72.20218746011014,2.7508986155389015,0,0,0,0
21,1,2,81.31171607105318,3.227209941377057,1,1,0,0
15,1,3,74.44489158962257,3.242839514729523,0,0,1,0
16,1,2,70.08894003271621,3.1215973919220388,0,1,2,0
16,0,1,99.6924194449849,2.1882205336296505,0,1,1,0
20,1,3,94.01573810744635,1.8905164217165549,0,0,0,0
16,0,2,81.17029790797201,3.089850817066777,1,1,2,0
17,0,1,78.46886805911414,2.9982552903485944,0,0,1,1
19,1,3,81.0330239912292,1.9483900257231024,1,1,1,1
19,0,2,60.065605391121665,3.2628478639264085,1,1,0,0
21,1,2,69.75688716321594,2.637929979334141,1,1,1,0
15,1,2,51.972976644544964,3.1694014790078824,1,0,1,0
20,1,3,73.77730187434133,3.593417699425377,0,0,1,0
15,1,1,77.15122919788315,1.924321071442308,0,1,1,0
16,1,1,61.38748680516048,1.5478621699920918,0,0,1,0
21,0,0,98.20144235827568,3.447756465989467,1,1,0,1
15,0,2,95.4727305468621,3.02424356288154,1,0,0,0
17,0,0,86.1071617727953,3.2490989240553043,1,0,1,0
19,1,0,76.66933143826813,3.595387437471606,0,1,0,0
16,1,1,93.49845798238425,3.5070273370612512,1,1,0,0
21,1,3,56.532617191173145,3.9023003673220615,0,1,2,0
15,0,3,89.52548971374425,2.8398376971302954,0,1,1,0
20,1,1,56.24104069834242,2.721239081649763,0,1,0,1
17,0,3,89.71053312747027,2.504717999726825,0,0,0,0
17,0,0,63.78837841256785,1.8842276071105113,1,0,1,0
15,1,2,93.85452905090945,2.931518082205056,0,1,2,1
19,1,1,97.2021046912699,2.192531310814947,1,1,1,0
15,0,2,57.43979847025578,3.8032687805324388,0,1,2,0
16,1,3,73.13378025326968,2.957977010692744,1,0,1,0
15,0,2,99.04936890813426,2.9821004512702753,1,1,1,0
17,1,3,74.17037179865733,2.3873116521925253,0,1,1,0
21,1,3,93.17737612572725,1.6299733799442686,0,0,1,0
15,0,0,79.436576106566,1.5793594134324715,0,0,2,1
19,1,3,68.76649539598009,2.558337860382994,1,0,2,0
21,0,0,64.28917777629351,1.7114134452430947,0,0,0,0
20,1,0,60.16115455430436,3.0171173888503477,0,1,1,0
18,0,0,88.08990956888486,3.7024325140991436,1,0,2,0
15,0,1,69.3270253411514,3.7072870412968055,0,0,2,0
19,1,1,75.56377311003756,3.147613525330581,1,1,2,0
21,0,3,74.6162740000591,2.028079578682328,0,1,1,0
19,1,0,78.86395146165657,3.6574920783971803,1,1,0,0
20,1,1,93.2788572812276,3.7152335882830205,1,0,2,1
17,1,0,99.03696717917147,1.9916339623823966,0,1,1,0
19,0,2,70.37921042869084,3.343565214426693,1,0,2,0
21,0,2,91.37594610531515,2.2162988723178074,0,0,2,1
19,1,2,88.22638973273588,3.5066007808823243,0,0,0,0
19,1,3,78.67644757277867,3.9930947497590066,1,1,2,0
19,0,0,97.80235718059666,1.575065013323482,0,0,2,1
16,1,2,60.023725776420136,3.7434146644773296,1,1,1,0
16,1,1,55.46321051548107,3.056576333996645,1,1,1,0
17,0,2,92.69809834777111,3.933456547912053,1,1,0,0
15,1,2,71.95749083168741,2.662523793816069,1,0,1,0
19,0,2,92.34844271035303,3.6184698264284343,1,0,1,0
20,1,3,94.65451025977075,1.655985171495693,1,0,0,0
15,0,1,53.122879680953574,2.3381976251957393,1,1,2,0
20,1,0,94.17323814930303,1.667541344378025,1,0,0,0
15,1,1,72.4159527684711,3.938357833697676,0,0,1,0
17,0,0,75.52162445021162,3.542434768179592,0,0,0,0
19,1,3,81.32962555466051,3.6313685531149265,1,0,2,1
19,0,3,96.31913033650434,3.8449130785847356,0,0,0,0
18,1,3,50.9558047214882,1.7127587152994634,0,1,1,1
20,0,3,73.84217341589085,2.463993981283333,0,1,1,0
15,0,0,84.38610212152804,1.6775872226100053,0,1,0,0
15,0,2,86.13534788491143,2.0269827538750715,0,1,2,0
16,0,0,84.6266215768554,2.073414442594181,0,0,0,0
18,1,1,56.72175647040609,2.6727680276189467,1,1,2,0
21,1,3,64.96977941858407,2.1714054186341065,0,0,2,0
21,0,3,67.93577627085068,1.7524452670444028,0,1,0,0
16,0,1,90.22186038397524,1.9187277227352693,0,1,2,0
16,0,0,63.93799362072765,1.8681889088802273,0,1,1,0
16,1,2,60.53524819336016,3.932691994780746,1,0,0,0
20,1,2,97.87240095190481,3.3982312672961843,1,0,2,0
20,1,1,50.443164255673445,3.919403663173905,1,1,1,0
17,1,2,99.89104278409891,2.5993512162697714,1,0,0,0
17,0,0,83.84106494286978,2.1959212041566416,0,1,1,0
16,0,0,91.42346497245586,3.495732993022967,1,1,1,0
18,0,1,64.73096981730966,2.315634795102867,1,1,1,1
15,1,0,50.715763883353,2.2484584342633704,1,0,2,0
20,1,3,86.8934759280765,2.081264980519578,1,1,0,0
18,1,1,91.7072298500338,1.8241974455605883,0,1,0,0
19,0,0,87.02380659767596,2.141157652541915,1,1,2,1
20,0,1,57.14251436504193,2.3882993711847194,0,0,0,0
20,1,2,87.67139611284846,3.184985520364326,1,1,1,1
17,0,0,88.44613910538206,1.656412105548629,0,0,0,0
15,1,3,82.92702578350274,2.0262673491633576,0,1,2,0
15,1,0,88.30579663977932,3.522559100729191,1,0,1,1
21,0,1,92.2960719838866,1.8673048089594269,1,1,2,0
21,1,1,80.68020571187293,2.3566128663063037,1,1,1,0
21,0,0,54.430235698483955,3.66164730464535,1,0,1,0
21,1,3,74.38139048336055,1.8873132778586066,0,0,0,1
19,0,3,53.88246673358025,1.7068420890454747,0,1,1,0
19,0,3,70.37715155162154,2.711344987700027,1,0,2,0
20,0,1,70.35532445628138,2.256048778196341,1,1,0,0
16,1,0,53.30049220701208,2.908520911209635,0,1,2,0
17,1,2,67.44102669847396,3.5095122262086877,1,1,1,1
17,0,1,55.54990493956574,1.8428712203818578,0,0,2,0
21,0,3,90.4117605004611,2.9517477113857122,1,1,2,0
20,1,0,97.38440129822354,2.7637719009746595,0,0,1,1
18,1,3,53.61582376289693,1.860196965032999,0,1,0,0
16,1,2,97.75576036458507,3.059996213822456,0,0,2,0
20,0,3,76.12882996683726,2.1841010446519293,0,0,1,0
16,1,3,64.9782838976937,2.719585796360031,0,1,0,0
16,1,2,53.84310376380817,1.7056808106926546,1,0,0,0
16,0,0,75.0312134035209,2.6489601430340577,0,1,0,0
20,1,1,89.72577722453744,2.2661586701070506,1,1,2,0
21,1,0,85.35432386333491,3.555953027963386,0,1,2,0
17,1,2,52.51130057319869,1.6424468174934206,0,1,2,1
17,0,3,53.645091768395176,2.546518187295825,1,1,0,0
21,0,0,70.14366413163185,2.6460785603285952,1,0,2,0
16,0,1,64.76452470239717,3.3125151907477965,1,1,1,0
18,0,2,61.619216152802395,2.9357189377255275,1,0,2,1
15,0,0,64.05022494543567,3.168030842985453,0,0,2,0
20,0,1,90.17413716484424,3.4426232141293904,1,1,0,0
15,0,2,96.46140268159269,3.655507434145472,0,0,2,0
21,1,1,70.25513472637832,2.2846887418061765,1,1,1,0
18,1,2,95.30555010662485,2.845056763409757,1,0,0,0
20,0,3,66.0747850623941,3.6002701960979997,0,0,1,0
